dc3fecd,Casuy,10 minutes ago,update
6185a48,Casuy,5 days ago,Update tab_navigator.dart
6b99daa,Casuy,5 days ago,upload image env set up
f807846,Casuy,6 days ago,add await page
f637044,Casuy,6 days ago,await page + refactor
92b1af5,Casuy,7 days ago,add event time
f6f0b4d,Casuy,7 days ago,join event
1a6a660,Casuy,7 days ago,pass user model
f5b17d0,Casuy,7 days ago,grid nav color
524cbcd,Casuy,7 days ago,real-time distance
578ed48,Casuy,8 days ago,invalid user input
cb184fe,Casuy,8 days ago,add events
17cd0b1,Casuy,8 days ago,user login signup
14463c9,Casuy,8 days ago,local nav
32964e0,Casuy,8 days ago,hide icon on events page
4f54c95,Casuy,9 days ago,update
6810012,Casuy,9 days ago,events page and grid nav
bfd61d3,Casuy,9 days ago,events page + refactor
acd3f5b,Casuy,9 days ago,grid nav and events page
31d1d34,Casuy,10 days ago,grid nav
733b8f9,Casuy,11 days ago,update
dfe4d9d,Casuy,11 days ago,event detail page
a75c356,Casuy,12 days ago,map + locator
c80debf,Casuy,12 days ago,update
29292fb,Casuy,12 days ago,google map
441ddf2,Casuy,12 days ago,Update event_detail_page.dart
bd33538,Casuy,12 days ago,event detail
aa0588b,Casuy,13 days ago,event detail page init
fcb66f8,Casuy,13 days ago,search item distance display
ff63e4b,Casuy,13 days ago,refactor
7d317d5,Casuy,13 days ago,search item display
d0163c8,Casuy,2 weeks ago,search page
0f46070,Casuy,2 weeks ago,search dao
2fe14a4,Casuy,2 weeks ago,search page
7268b09,Casuy,2 weeks ago,h5 hybrid
dc8748e,Casuy,2 weeks ago,update
4fd95c0,Casuy,2 weeks ago,update
1ddf0b8,Casuy,3 weeks ago,update
85d846f,Casuy,5 weeks ago,update
18c9633,Casuy,5 weeks ago,update
ac1b288,Casuy,5 weeks ago,update
5f1f63c,Casuy,5 weeks ago,udpate
660da6c,Casuy,5 weeks ago,Update home_page.json
2fa383a,Casuy,5 weeks ago,grid nav
daf1d6d,Casuy,5 weeks ago,Update home_page.json
d63ad1a,Casuy,5 weeks ago,Update home_page.json
6120732,Casuy,5 weeks ago,grid nav
6909e41,Casuy,5 weeks ago,grid nav
d46dc3e,Casuy,5 weeks ago,Update home_page.json
cfc6722,Casuy,5 weeks ago,gridnav
5d26c4e,Casuy,5 weeks ago,Update home_page.dart
a35f38b,Casuy,5 weeks ago,update
869a598,Casuy,5 weeks ago,Update home_page.json
a9122c8,Casuy,5 weeks ago,Update home_page.json
6c03e37,Casuy,5 weeks ago,Update home_page.json
d849343,Casuy,5 weeks ago,Update home_dao.dart
5cc2d81,Casuy,5 weeks ago,update
a248019,Casuy,5 weeks ago,Update home_page.dart
0444cc9,Casuy,5 weeks ago,update
c2116fc,Casuy,5 weeks ago,Update home_dao.dart
5bce17d,Casuy,5 weeks ago,update
18288ad,Casuy,5 weeks ago,update
04f6326,Casuy,5 weeks ago,update
a99e88c,Casuy,5 weeks ago,home model
a3f8c23,Casuy,5 weeks ago,Update home_page.dart
86c87a0,Casuy,5 weeks ago,Merge pull request #1 from Casuy/casuy
e2161ec,Casuy,5 weeks ago,banner
3983570,Casuy,5 weeks ago,update
f1a56ea,Casuy,8 weeks ago,Initial commit